排名,歌名,链接
1,风车,https://img3.doubanio.com/view/site/small/public/8f918a20cd30321.jpg
2,op190710_02,https://img1.doubanio.com/view/site/small/public/6b77c96b329de4a.jpg
3,A Song About Us (爱到天明),https://img1.doubanio.com/view/site/small/public/e75fe37ec5ebc0c.jpg
4,Easterm lake （Demo）,https://img1.doubanio.com/view/site/small/public/28f3a69d8925227.jpg
5,Hi Bich （Remix）1,https://img3.doubanio.com/view/site/small/public/b3eb8720fbd8fa6.jpg
6,牵牛,https://img3.doubanio.com/view/site/small/public/57688aa6557a93f.jpg
7,［配乐］冰砌瑤光（《逆水寒》瑤光城bgm）,https://img3.doubanio.com/view/site/small/public/847e6dc978e0c3f.jpg
8,冒险岛,https://img1.doubanio.com/view/site/small/public/e42048046e31b27.jpg
9,点名册与记事簿,https://img3.doubanio.com/view/site/small/public/6ad49ba0ab85d36.jpg
10,The Last of Human(Ma Haiping+Akini Jing),https://img1.doubanio.com/view/site/small/public/242f12d7bc95a58.jpg
11,day by day demo,没有链接
12,钢琴曲NO.1,没有链接
13,0712b,没有链接
14,送你路灯下的雪夜,没有链接
15,夏季末（雨声版）,没有链接
16,SundayAfternoon,没有链接
17,bibuabuapiwuawua,没有链接
18,幸福歌舞厅,没有链接
19,孤岛,没有链接
20,the way i still love you,没有链接
